word	Afrikaans	American English	Catalan	Czech	Danish	Dutch	English	Finnish	Gaelic 	German	Greek	Hebrew	Hungarian	Icelandic	Irish	IsiXhosa	Italian	Lebanese Arabic	Lithuanian	Luxembourgish	Malay	Maltese	Persian	Polish	Russian	Serbian	Slovak	South African English	Spanish	Swedish	Turkish	Western Armenian
airplane		3.78	4.15	2.88	3.30	3.95	3.55	1.83	6.57	3.24		2.52	3.52	3.26	3.65	5.50	4.32		4.18	2.77	4.05	4.20	3.90		2.66	4.73	2.78	3.57	3.59	3.17	3.05	2.58
ant	3.22	3.09	3.10	3.35	2.65	2.95	3.17	2.04	8.62	2.81	3.15	2.90	3.67	4.50	5.29	4.54	3.08	2.60	4.25	3.32	4.09	3.77	3.14	3.31	3.22	3.76	2.91	2.78	3.23	2.57	2.85	3.25
apple	2.84	3.04	2.50	2.19	2.09	2.45	2.52	1.67	3.43	1.81	2.75	1.98	2.60	2.61	2.10	3.33	2.20	1.98	2.75	2.25	4.43	3.18	2.62	2.66	2.03	3.30	2.12	2.29	2.77	2.30	2.26	2.17
axe	4.41	5.04	5.40	4.38	3.96	5.00	5.57	3.29	7.43	5.48	5.31	4.94	5.19	5.17	5.70	5.73	4.92	9.33	4.57	4.50	5.35	8.00	5.48	4.69	4.17	5.52	5.33	4.83	5.41	4.70	4.41	
ball	2.59	2.61	2.55	2.31	1.91	1.81	2.03	1.22	3.71	2.00	2.13	1.67	2.19	2.30	2.25	3.28	2.00	1.69	2.61	2.05	3.84	3.00	2.31	2.59	1.76	2.70	2.12	2.19	2.59	1.87	1.97	1.42
balloon		3.65	3.30	2.58	2.57	2.43	2.93	1.89	4.90	2.43		1.86	3.25	3.57	3.16	3.36	2.80		3.39	2.77	4.07	3.19	2.90		3.44	3.21	2.11	2.62	2.82	2.65	2.24	2.33
banana	3.14	3.48	2.95	2.31	2.26	2.45	2.73	1.83	3.62	2.05	2.97	1.62	4.14	3.04	2.95	3.56	2.64	1.88	5.43	2.48	3.97	3.18	3.33	3.06	3.86	3.61	2.55	2.55	2.82	2.30	2.95	1.92
barrel	3.67	5.39	4.30	4.04	3.77	4.00	5.61	4.00	6.29	4.52	4.69	4.65	4.90	4.00	4.26	7.12	4.08	5.00	5.48	4.48	5.57	6.45	5.52	4.66	3.97	5.27	4.76	6.07	5.95	3.91	6.62	
basket	4.05	4.39	4.20	3.31	3.61	3.64	4.04	2.63	4.24	3.43	3.71	3.33	3.57	4.00	4.00	6.59	3.76	3.90	4.46	3.00	4.69	4.00	4.05	3.75	3.47	4.70	3.12	3.44	4.41	3.65	3.89	4.58
battery	4.89	5.00	6.00	5.46	4.35	5.50	5.14	3.29	7.29	4.76	4.66	5.28	5.57	5.39	9.24	6.04	5.20	4.29	7.11	4.50	6.03	5.44	4.57	4.78	3.94	5.73	4.61	5.00	4.91	4.26	4.18	
bear	3.89	3.30	3.35	2.69	3.09	2.73	2.78	2.50	6.10	2.38	3.32	2.57	3.33	4.09	4.40	5.60	3.00	2.95	3.32	3.18	5.26	4.54	3.48	3.44	2.36	3.97	2.67	3.14	3.36	2.48	3.10	2.75
bed	2.68	2.74	2.15	2.35	1.83	1.91	1.99	1.25	3.14	1.81	2.68	1.86	2.52	1.96	1.90	3.48	2.24	2.12	2.32	2.05	6.81	2.58	3.29	2.31	1.81	2.97	1.94	2.33	2.32	1.96	2.08	2.17
bell	4.03	3.48	3.05		3.13	2.73	3.40	1.92	4.95	3.33	3.54	3.14	3.57	3.57	4.65	5.52	3.56	3.00	4.61	3.50	5.22	4.73	3.48	3.52	3.22	4.67	3.48	3.49	4.19	4.00	6.31	2.67
belt	5.06	4.13	4.40	3.88	3.65	4.09	4.22	3.21	9.29	3.95	4.10	4.33	4.29	3.83	4.00	4.88	4.20	5.31	3.50	3.62	5.92	4.46	4.14	3.84	3.51	4.82	4.15	3.68	4.50	4.35	4.33	3.71
bicycle		3.52	3.00	2.92	2.70	7.86	3.66	2.00	4.00	3.19		2.90	3.43	3.04	3.00	4.57	3.20		3.64	3.05	4.54	3.55	3.48		3.17	3.97	3.00	3.48	3.65	3.26	3.33	4.17
bird	2.92	3.17	2.70	2.42	2.17	2.32	2.40	1.38	3.33	2.14	2.84	2.19	3.00	2.39	2.20	4.38	2.64	2.29	2.93	2.41	3.88	3.38	3.05	2.53	2.06	3.36	2.21	2.43	2.68	2.17	1.95	1.96
blackboard	2.92	5.22	3.85	4.62	4.22	4.55	4.76	4.42	5.71	4.00	4.32	4.24	4.71	5.22	4.00	5.88	4.08	3.43	4.18	3.95	5.70	4.44	5.38	4.88	5.28	5.24	5.18	5.15	3.77	3.30	5.95	3.88
bone	3.51	4.00	4.00	3.81	2.04	3.73	4.02	2.79	4.38	4.33	4.00	3.95	4.05	3.65	3.40	4.08	3.64	4.62	4.18	3.27	5.59	5.75	4.10	4.16	3.39	5.42	4.45	3.40	4.27	2.09	4.64	4.29
boot	5.53	3.91	3.85	2.38	2.70	2.91	3.31	2.17	4.19	3.00	3.93	3.71	3.38	2.43	3.74	5.33	4.52	2.31	2.43	3.00	6.62	11.33	4.76	5.66	2.67	4.21	3.27	3.79	3.45	3.39	3.90	
bottle	2.89	3.39	3.30	2.77	3.09	2.41	2.62	1.75	2.90	2.43	3.16	1.62	3.67	3.39	2.60	3.19	2.84	2.36	4.11	2.36	4.00	3.77	5.14	2.97	2.91	4.12	2.21	2.38	3.45	2.74	3.21	2.63
broom	3.54	4.43	3.70	3.50	2.61	3.82	4.29	3.33	4.00	3.19	3.09	2.90	3.52	3.61	2.80	4.64	3.32	3.79	3.46	3.95	4.92	3.65	3.33	3.56	3.67	4.21	3.42	3.24	3.82	4.57	3.28	3.79
brush		3.78	3.65	4.38	3.18	3.55	3.13	1.83	3.48	3.10		3.02	4.29	3.43	3.60	5.04	3.88		4.00	2.89	4.43	4.58	4.67		3.42	3.94	3.78	3.05	3.94	3.91	5.14	
bus	3.81	3.65	4.85	3.23	2.74	3.00	2.92	2.50	3.43	3.10	4.57	2.81	3.52	4.43	2.60	4.96	4.68	3.31	3.93	2.91	4.16	4.93	4.48	3.42	2.75	4.15	3.64	3.48	3.77	2.65	3.28	4.67
butterfly	3.97	4.09	3.35	2.92	2.74	3.32	3.41	1.96	5.43	2.71	3.05	2.00	3.48	3.22	2.90	4.88	3.16	3.40	3.54	3.09	4.62	3.33	3.76	3.03	2.33	3.79	2.79	3.07	3.36	2.87	3.36	2.54
button	3.68	4.09	3.20	3.54	3.17	3.36	3.27	2.13	4.10	2.95	3.59	3.38	3.71	3.00	3.20	5.28	3.40	3.57	3.11	2.70	4.86	4.58	3.38	3.38	2.97	4.31	2.82	3.22	3.50	3.26	3.33	3.79
candle	3.68	4.35	4.20	3.50	3.96	3.50	4.49	2.42	4.43	2.95	3.68	3.00	4.14	3.65	3.40	4.84	3.92	2.98	4.32	3.16	5.14	4.60	3.67	3.94	3.47	4.82	3.67	3.59	4.52	3.04	3.38	2.58
cap			3.65		3.87	2.91	3.74	1.67		2.29		2.24	2.90	2.39	3.10	5.28	3.60		3.04	2.41	4.54	3.92			2.25	3.48	1.78	2.88	3.59	2.22	5.00	
car		2.96	3.15	2.42	2.00	2.24	2.25	1.24	3.71	2.19		2.55	3.14	2.30	2.35	4.19	2.80		3.07	2.11	3.86	3.08	2.95		2.07	3.61	1.56	2.55	2.76	1.87	2.67	2.75
carrot	3.19	3.61	3.25	2.88	2.48	3.23	3.15	1.83	3.29	2.90	3.18	2.43	3.00	3.22	2.95	5.58	2.68	3.19	2.93	3.14	5.73	4.15	3.29	3.09	2.41	4.00	2.67	2.88	3.50	2.78	3.31	2.79
cat	2.73	2.78	2.70	2.15	1.74	2.36	2.02	1.30	3.00	2.14	2.31	1.95	2.62	2.17	1.85	3.79	2.16	1.86	2.25	2.33	3.65	3.17	2.86	2.31	1.76	2.91	2.09	2.43	2.41	1.87	1.95	1.63
chain		4.78	4.65	4.58	3.87	3.68	4.79	3.94	6.71	3.43		3.00	3.65	4.78	4.80	5.43	4.24		4.39	3.05	5.27	6.00	4.62		4.67	5.00	4.56	4.61	5.88	5.00	4.86	5.29
chair	2.92	3.65	2.70	2.54	2.04	2.14	2.65	1.38	4.81	2.10	2.72	2.10	2.71	2.30	2.70	3.93	2.32	2.31	2.57	2.41	4.47	3.27	3.33	2.91	1.96	3.21	2.21	2.62	2.73	2.52	2.95	1.75
cheese	3.14	3.74	3.65	3.12	2.61	2.55	3.16	1.92	3.38	2.52	3.12	2.00	3.52	2.65	3.00	5.16	2.96	2.98	3.64	2.50		3.21	3.05	2.75	2.92	3.73	3.06	2.74	3.05	2.43	2.33	2.54
clock	4.95	3.78	5.65	3.19	2.61	3.36	3.29	1.79	3.86	3.14	3.50	2.62	3.67	2.83	2.70	4.88	3.60	3.81	3.61	3.07	5.57	3.80	3.62	3.34	2.78	3.79	3.03	3.45	3.91	3.04	3.23	3.29
cloud	3.14	3.48	2.80	2.73	2.70	3.24	3.19	2.33	4.10	2.57	3.47	3.10	3.65	3.13	3.15	6.64	2.92	4.24	3.64	2.77	4.57	4.71	3.67	2.94	2.67	3.42	2.67	3.00	2.91	2.87	2.92	2.79
comb	3.38	4.26	3.30	3.27	3.09	2.73	3.98	2.04	4.67	3.10	3.41	2.86	2.95	3.13	3.35	3.83	3.60	3.38	3.18	2.80	4.43	3.58	3.05	3.55	2.50	4.09	2.70	3.43	3.50	3.22	2.87	2.67
computer	7.94	4.57	10.85	5.85	8.57	5.50	5.28	7.13	10.43	7.05	6.73	5.63	10.48	9.43	8.50	9.44	6.80	6.76	10.37	7.82	6.81	9.29	7.67	6.10	9.56	6.30	7.88	6.88	7.64	9.17	7.38	5.71
cow	3.11	3.04	2.95	2.65	1.83	2.14	2.46	1.83	3.81	2.05	3.00	2.29	3.14	3.43	1.90	4.58	2.83	3.07	2.89	2.23	4.12	3.94	2.95	2.58	2.20	3.48	2.70	2.50	2.64	2.22	2.74	2.33
crocodile	4.00	4.43	3.65	3.73	3.61	4.05	4.11	3.25	10.57	3.52	4.56	3.79	4.67	4.39	7.50	7.57	3.40	5.38	4.50	3.50	4.49	5.60	5.38	4.03	3.03	4.58	4.61	3.81	4.05	3.65	4.82	4.33
cucumber	4.14	5.22	7.35	3.12	2.70	3.91	4.53	2.04	13.62	2.71	3.28	2.07	3.76	4.35	7.53	6.17	5.16	2.69	3.32	3.90	5.35	5.33	2.95	3.06	2.28	4.36	3.30	3.68	4.91	3.00	3.00	2.13
desk		4.26	4.95	2.58	4.26	4.86	4.16	3.76	4.57	4.52		4.76	5.67	4.13	3.89	5.95	4.96		2.68	4.81	4.15	6.33	6.00		4.36	5.67	4.78	4.29	6.00	4.04	2.52	4.88
dog	2.65	2.78	2.40	2.08	1.74	2.05	1.99	1.43	3.38	1.95	2.41	1.64	2.43	2.39	2.00	3.81	2.04	2.19	2.36	2.23	4.50	2.73	3.29	2.31	1.71	3.00	1.76	2.07	2.32	2.09	2.00	1.63
doll	2.81	2.96	2.40	2.58	1.91	1.91	2.36	1.25	4.43	2.10	2.45	1.60	2.10	2.09	2.70	3.32	2.40	2.12	2.25	2.36	4.32	2.25	2.86	2.52	1.82	3.06	1.73	2.38	2.68	2.39	2.28	1.96
door	2.89	3.30	2.50	2.62	2.35	2.59	2.62	1.71	3.38	2.00	2.67	2.36	2.90	2.70	2.10	4.44	2.40	2.07	2.75	2.41	4.08	3.40	2.43	2.72	2.14	3.30	2.18	2.57	2.91	2.52	2.05	1.88
dress		3.74	2.90	2.96	2.13	3.18	2.85	1.61	3.43	2.90		2.43	3.00	2.70	2.45	4.15	4.20		3.29	2.77	4.89	3.08	3.76		2.50	3.97	2.44	3.02	2.82	2.65	2.90	2.25
drum	4.91	3.87	4.20	3.46	2.87	3.14	3.73	3.04	4.57	2.95	4.25	2.43	3.86	3.87	4.15	6.32	4.28	4.86	4.11	3.27	5.05	4.38	4.86	3.94	2.94	5.82	3.15	3.45	4.23	3.35	3.62	3.71
duck	3.24	3.17	3.50	2.92	2.13	2.55	2.44	3.00	4.38	2.38	3.01	2.29	3.00	3.04	2.35	4.13	3.52	3.14	3.64	2.59	6.65	3.79	3.52	3.03	2.58	3.64	2.30	2.57	2.91	2.87	3.31	2.42
dummy		4.48	5.50	2.00	1.65	2.86	2.43	1.06	5.52	1.75		1.69	2.14	2.48	6.06	3.96	1.92		4.08	2.26	4.65	2.64	2.76		1.81	2.48	1.33	2.10	2.53	1.70	2.43	1.33
ear	2.57	2.87	2.50	2.12	1.91	2.00	2.34	1.33	3.81	2.00	2.53	2.05	2.62	2.17	2.00	4.50	2.56	2.14	2.54	2.11	3.77	2.93	2.24	2.38	1.76	3.00	1.88	2.14	2.55	1.91	1.92	1.79
elephant	3.65	4.30	3.45	2.81	2.78	3.23	3.44	2.67	8.48	2.86	3.62	2.29	3.57	3.78	3.65	4.74	3.08	3.40	3.71	3.09	4.55	3.64	3.71	3.25	2.78	3.82	3.33	3.07	3.45	3.04	3.62	3.17
envelope	4.76	5.39	4.55	4.42	4.78	5.41	5.08	3.29	7.62	5.05	4.73	4.43	3.71	5.30	5.00	6.78	4.12	5.76	5.18	4.77	6.49	5.15	5.62	4.50	4.17	5.79	4.91	5.00	4.55	4.30	4.92	
eye	2.68	2.87	2.25	2.12	2.13	2.05	2.35	1.25	3.48	2.00	2.26	1.88	2.52	2.09	2.00	6.19	2.32	2.14	2.46	2.45	3.59	3.42	2.24	2.38	1.68	2.88	1.73	2.14	2.27	1.87	1.92	1.71
feather	3.86	4.09	4.45	4.12	2.87	3.59	4.07	3.38	4.48	3.52	3.86	4.10	4.10	4.13	3.55	5.15	4.12	5.00	4.15	3.59	5.05	4.69	3.48	3.75	3.92	5.45	4.24	3.40	4.95	3.74	4.08	4.75
fish	3.05	3.26	2.85	2.62	2.22	2.36	2.45	1.71	2.95	2.48	2.91	2.10	3.43	2.61	2.45	5.88	2.60	2.60	3.18	2.64	4.15	3.42	2.81	2.94	2.39	3.76	2.61	2.61	3.41	2.43	2.49	2.29
flag	4.46	3.83	5.20	4.85	2.96	3.82	4.38	2.50	5.62	3.62	4.16	3.29	3.76	3.52	4.45	5.52	4.24	3.88	4.82	4.32	5.68	4.75	5.00	4.84	4.03	5.55	5.85	3.98	5.09	3.48	3.82	3.79
flower	2.76	3.39	2.65	2.69	2.48	2.23	2.75	1.39	3.76	1.90	2.44	2.24	2.76	2.35	2.40	4.48	2.20	3.12	2.75	2.43	4.05	3.18	2.67	2.47	2.06	2.97	1.91	2.48	2.68	2.22	2.31	2.29
fly		3.30	3.25	2.81	2.39	3.00	3.16	1.94	3.86	3.05		3.05	3.14	2.57	4.15	3.96	3.12	3.24	2.89	2.30	4.78	4.00	3.67		2.36	3.70	2.22	2.66	3.88	2.35	3.05	3.33
fork	2.97	3.13	2.60	2.77	2.17	2.64	2.79	2.00	3.62	2.57	2.85	2.57	3.24	2.57	2.30	4.45	2.96	2.90	3.32	2.57	6.49	3.53	3.24	3.06	2.58	3.67	2.79	2.86	3.00	2.96	2.26	2.63
frog	3.35	3.52	3.60	2.77	2.68	3.14	2.85	2.38	7.24	2.76	3.32	2.86	2.90	4.05	2.55	4.65	2.96	4.33	3.00	2.91	4.15	4.91	3.67	3.03	2.64	4.03	2.45	2.98	3.41	2.74	3.49	3.63
frying pan		3.87	4.10	4.27	3.57	4.68	5.19	2.72		3.25		3.71	5.05	4.09	4.95	6.91	4.44		3.89	3.27		4.55	4.86		3.61	4.73	4.00	4.00	4.71	3.87	4.24	5.83
gate	3.27	4.17	7.15	4.23	3.43	3.18	3.40	3.13	4.00	3.38	5.43	3.76	3.48	4.17	2.95	4.83	3.40	4.81	4.11	3.55	5.00	6.00	2.43	4.03	3.47	4.70	3.61	3.38	2.77	4.39	2.10	
giraffe	4.57	4.17	4.10	3.23	2.87	3.90	3.89	3.17	8.86	3.05	4.76	2.81	3.57	4.22	6.89	6.29	3.72	5.19	4.71	3.30	5.08	4.81	4.57	3.56	3.14	4.03	3.79	3.43	3.59	3.61	4.85	5.25
glass	3.11	4.09	2.50	3.42	2.61	3.09	3.48	1.88	4.05	2.48	2.58	2.05	2.48	2.22	2.45	4.13	2.36	2.19	3.71	2.32	5.22	3.30	2.76	3.23	2.57	3.18	2.27	3.19	2.59	2.70	2.26	
glasses	3.51	4.35	3.70	3.46	2.96	2.86	3.81	2.79	4.38	2.95	3.54	2.90	4.14	3.50	4.05	5.75	3.20	3.05	3.86	2.80	7.35	4.23	3.62	3.22	2.94	4.15	3.12	3.56	3.64	3.87	3.26	2.58
goat	3.57	4.00	3.95	2.81	3.00	3.00	3.38	3.87	5.10	3.00	3.32	3.48	3.81	4.13	3.55	4.52	3.76	4.55	3.71	3.18	6.54	6.69	3.71	3.59	2.73	3.70	2.73	3.14	3.86	3.65	3.79	4.13
guitar	4.70	4.83	5.00	4.08	3.45	4.45	4.71	2.96	5.86	4.33	4.60	3.95	4.76	4.00	5.60	7.09	4.52	4.62	4.96	3.64	4.68	4.46	7.67	4.25	3.97	5.09	4.55	4.22	4.77	3.78	5.13	4.71
gun		4.57	5.25	4.58	4.96	4.95	4.89	2.78	5.24	4.48		5.74	4.57	4.13	3.80	7.04	4.00		5.61	4.45	6.08		4.10		4.34	5.36	5.67	4.18	5.71	4.61	4.81	4.38
hat	3.14	3.00	3.40	3.42	2.57	3.18	2.45	1.88	3.67	2.90	3.13	2.29	4.05	3.30	2.35	5.28	2.76	3.14	4.70	2.64	4.54	3.73	2.95	3.94	3.47	4.42	3.79	3.33	4.27	2.78	2.74	2.17
heart	3.81	3.74	4.20	3.31	3.30	3.91	3.83	2.88	4.48	3.00	3.77	3.52	3.57	3.45	3.10	6.07	3.36	4.36	3.89	3.00	5.92	4.07	4.71	3.31	3.92	3.82	3.39	3.31	4.09	3.04	4.28	3.96
helicopter	4.89	5.30	6.40	4.27	4.43	4.55	4.33	3.13	5.48	4.05	4.63	4.75	4.50	4.83	5.10	6.04	4.52	5.48	5.43	3.91	3.42	5.14	5.10	4.63	3.67	5.73	5.06	4.15	4.64	4.65	4.64	5.29
Hen		3.83	3.15	2.65	2.39	2.23	3.40	2.11	3.62	2.29		2.52	3.25	2.78	2.85	5.92	2.68		2.96	2.55	3.84	3.36	3.24		2.33	3.76	2.22	2.83	3.47	3.04	2.43	2.38
horse	3.22	3.48	3.40	2.62	2.22	2.68	2.87	1.78	3.19	2.67	3.28	2.57	3.14	2.83	2.30	5.14	2.84	3.57	3.00	2.64	4.55	3.00	3.38	2.75	2.37	3.79	2.91	2.64	3.41	2.57	2.62	2.67
house	2.73	3.26	2.20	2.38	1.83	1.95	2.65	1.54	3.38	1.90	2.32	1.86	2.57	2.26	2.05	3.96	2.00	2.14	2.61	2.11	3.86	3.38	2.57	2.35	1.90	3.06	1.97	2.57	2.45	2.04	2.23	1.75
iron	4.16	4.87	4.10	4.58	4.35	5.43	4.63	3.63	4.90	4.33	4.29	4.29	4.24	4.39	4.35	5.52	4.56	4.43	4.36	3.77	6.89	5.07	4.10	4.45	3.47	5.24	4.18	3.88	5.00	4.35	3.69	4.50
kangaroo	6.00	4.91		3.81	3.70	4.40	4.68	3.46	6.76	3.76	4.36	4.24	5.05	4.65	5.95	7.35	4.28	6.14	5.19	4.45	5.73	5.64	5.67	4.13	3.97	5.00	4.91	4.15	4.77	4.78	5.55	
key	3.62	3.61	3.20	3.15	3.09	3.68	3.56	2.50	4.71	2.57	3.57	3.62	3.71	3.78	3.25	4.68	3.16	3.05	3.96	3.20	5.14	4.25	4.14	3.34	3.00	4.33	3.18	2.88	3.86	2.96	3.44	2.71
knife	2.95	4.04	3.05	2.96	2.39	2.36	3.32	2.00	3.52	2.67	3.35	2.86	3.52	2.78	2.95	4.20	3.36	3.05	3.50	2.34	5.04	3.58	3.43	3.06	3.08	3.91	2.79	3.02	3.41	2.83	3.00	2.75
ladder	4.22	4.39	3.15	5.77	3.39	3.86	4.44	2.92	4.43	3.48	3.23	3.38	3.24	3.32	3.50	5.71	3.00	4.45	4.54	3.32	4.54	4.67	4.38	3.81	2.72	5.06	4.06	3.78	3.45	3.43	2.77	
lamp	3.76	4.04	2.90	3.31	2.83	2.86	3.90	1.35	4.29	2.43	4.72	3.19	3.00	3.22	3.05	4.13	4.04	5.14	3.04	2.57	4.62	4.73	7.00	3.22	2.39	3.88	2.58	3.66	4.00	1.87	2.62	5.54
leaf	3.00	3.35	2.95	3.27	3.05	3.41	3.17	2.21	4.43	2.24	3.34	2.62	3.55	4.26	2.95	5.17	2.84	2.67	3.07	3.00	7.22	3.67	3.33	3.09	3.06	3.73	3.58	3.05	3.59	2.91	3.13	3.29
leg	2.84	3.00	2.40	2.27	2.17	2.41	2.29	1.29	2.95	2.19	2.25	1.93	2.43	4.91	2.05	3.92	2.40	2.33	2.36	2.32	4.27	6.15	2.19	2.31	1.81	2.76	1.73	2.19	2.82	2.30	2.54	1.83
lemon	4.05	4.13	3.20	3.19	3.30	4.36	3.82	3.08	8.71	3.05	3.18	2.76	3.67	4.35	7.20	5.65	3.20	3.86	4.21	3.23	6.70	3.82	3.71	3.59	3.22	4.33	3.27	3.45	3.32	3.35	3.03	3.42
lighter	6.23	6.13	6.20	5.54	4.77	6.09	5.95	6.00	12.76	4.48	4.87	5.35	5.50	4.91	6.33	6.15	5.08	5.14	6.86	4.95	7.05	6.41	5.57	5.47	5.60	6.09	6.12	5.15	6.64	4.96	3.90	
lion	3.41	3.43	3.50	2.88	2.83	3.55	2.92	2.71	4.57	2.62	3.22	2.43	3.33	3.30	3.95	5.83	2.84	3.90	3.96	3.39	4.61	4.21	2.86	2.97	3.08	3.91	3.67	2.88	3.32	3.17	3.77	2.96
lipstick	5.54	5.22	5.25	5.31	4.35	4.77	4.93	3.71		4.76	4.27	3.90	4.67	4.30	8.00	7.16	4.56	4.79	5.04	4.33	6.95	4.55	5.86	4.97	4.33	4.88	4.61	3.78	5.45	4.83	4.82	
match	3.84	4.83	6.35	4.23	3.96	4.45	4.81	3.08	5.00	4.19	4.25	3.71	4.24	4.26	6.60	5.55	4.96	5.05	4.18	3.82	5.68	4.42	4.05	3.88	3.44	5.21	4.24	4.05	5.14	3.91	3.54	4.54
monkey	3.16	3.61	4.00	2.88	2.48	2.73	2.97	2.54	4.24	2.67	3.96	2.50	3.19	3.35	3.65	4.83	2.96	4.00	4.75	3.00	4.14	3.10	3.81	3.38	3.17	3.82	3.52	2.88	3.55	2.57	3.72	2.71
moon	2.92	3.30	2.65	3.50	2.83	2.27	2.71	1.83	3.76	2.00	3.29	2.67	3.33	3.04	3.40	5.57	2.72	3.33	3.21	2.93	4.54	3.38	3.10	3.22	2.69	3.82	2.97	2.83	3.23	2.70	2.74	2.63
motorbike		5.39	5.10	3.69	3.91	4.53	4.69	2.67	5.95	3.90		3.43	4.19	4.65	6.10	5.36	3.00		4.64	3.68	5.24	4.07	5.00		3.94	5.15	3.44	4.26	5.13	4.57	4.33	
mouse	3.38	3.61	3.30	2.58	2.17	2.59	2.91	1.92	3.67	2.00	3.21	2.52	3.14	2.74	2.35	4.84	2.88	3.43	3.00	2.59	4.51	3.87	3.43	3.13	2.53	3.58	2.61	2.90	3.45	3.09	3.00	2.50
mushroom	4.70	5.48	4.30	5.46	4.74	5.64	4.69	2.67	8.76	3.33	4.66	3.76	3.90	5.13	5.70	6.52	3.64	6.19	3.68	3.41	5.70	7.75	5.95	4.22	2.86	4.70	4.36	3.78	5.11	3.48	4.69	5.88
needle	4.11	5.22	3.95	4.08	3.17	4.64	5.06	2.83	5.52	4.14	5.16	4.14	4.38	3.96	4.40	5.25	4.32	4.62	3.93	3.39	3.50	4.65	3.81	4.00	3.64	4.48	4.00	4.05	4.32	3.65	5.23	4.17
nest	3.73	4.04	3.65	4.00	3.13	3.86	3.83	2.71	4.38	3.10	4.22	3.52	4.19	4.22	3.15	6.38	3.80	5.00	4.39	3.27	5.59	5.45	4.62	4.41	3.67	4.73	3.91	3.51	4.41	4.26	4.85	5.00
newspaper		5.04	4.40	3.88	3.00	3.91	4.76	3.06	5.24	3.76		3.75	4.19	5.26	5.35	4.21	4.36		4.11	3.41	5.65	4.91	5.19		3.47	4.61	4.00	4.12	5.06	3.30	3.62	5.54
nose	2.57	2.87	2.20	1.96	2.17	2.14	2.26	1.29	3.33	1.62	2.37	1.86	2.52	1.83	2.05	4.04	2.12	2.10	2.39	2.16	3.49	3.17	3.14	2.29	1.65	2.70	1.76	1.98	2.68	1.83	1.87	1.71
onion	3.89	4.78	3.60	3.38	3.30	4.00	4.33	2.63	4.29	3.67	4.26	3.52	4.00	4.39	2.90	4.85	3.88	4.43	3.79	3.61	5.51	4.77	3.62	3.50	2.67	4.27	3.45	3.90	4.32	3.04	3.44	4.04
orange	3.11	3.65	2.80	3.00	2.52	3.55	2.89	2.29	3.86	3.05	3.00	2.50	3.90	2.91	2.60	4.82	2.92	3.29	4.14	2.50	4.24	3.36	3.29	3.28	3.03	3.91	3.30	2.81	2.82	2.74	2.72	2.29
owl	3.89	3.35	4.25	3.42	3.26	3.86	3.48	2.67	4.52	3.57	3.77	4.48	3.57	4.04	7.21	8.04	4.40	6.10	4.18	3.86	6.03	5.83	4.90	3.50	3.25	4.76	3.21	3.71	4.55	3.70	5.44	
paintbrush	4.32	4.74	4.50	3.77	3.43	3.82	3.94	3.25	4.81	3.43	3.94	4.14	4.14	4.61	4.80	6.11	3.84	5.00	4.43	3.36	5.11	5.10	5.81	3.69	3.61	3.97	4.03	3.69	5.48	3.17	5.00	3.42
pear	3.11	4.04	2.85	2.73	2.52	2.77	3.67	2.79	5.14	2.90	3.23	2.81	3.29	3.70	6.53	4.68	2.52	3.90	3.61	4.27	6.62	4.00	3.67	3.19	2.78	3.73	2.82	3.43	2.91	2.70	2.87	2.88
pen	3.38	3.61	5.25	4.42	3.74	2.82	3.14	1.92	4.00	2.29	4.09	3.62	3.90	3.48	3.30	5.60	3.44	2.57	5.63	3.36	4.51	4.94	4.67	3.88	3.08	4.70	3.67	3.39	4.67	4.17	5.69	4.75
pencil	3.62	3.70	3.15	2.96	2.91	3.09	3.27	3.67	3.71	3.33	3.18	3.33	3.33	3.70	3.40	4.88	3.20	3.33	3.64	3.27	4.61	3.67	3.10	3.59	2.69	3.67	3.06	3.50	3.27	2.87	4.33	2.33
penguin	4.73	4.57	4.20	3.77	3.65	4.95	3.97	3.46	11.62	3.33	4.12	3.90	4.10	4.87	6.94	5.80	3.80	3.86	4.89	3.95	6.68	4.55	5.38	4.16	4.19	4.79	5.09	3.73	4.64	4.00	5.56	
pineapple		4.83	3.75	4.08	4.00	5.05	4.77	3.22	12.67	4.25		4.55	4.71	5.39	6.37	4.88	4.68		5.15	3.77	5.12	5.62	6.10		4.69	5.12	4.78	4.12	4.18	3.83	9.05	6.42
pizza	6.30	3.65	8.50	6.15	5.35	5.00	3.95	5.26	10.48	4.00	4.50	3.31	9.14	9.17	7.21	7.05	3.16	4.33	8.96	4.84	7.76	6.00	6.00	5.00	8.57	5.70	7.91	5.74	5.95	6.52	6.62	3.00
postman	4.51	4.74	4.40	4.38	3.39	4.36	3.81	3.75	3.95	4.43	4.85	4.38	4.00	3.96	2.90	6.42	4.28	6.62	4.86	3.57	5.93	6.08		4.10	3.94	5.45	4.21	3.93	5.05	4.52	4.23	8.04
rabbit	3.43	3.13	3.15	2.85	2.52	2.73	2.63	2.79	5.05	2.10	3.03	2.52	3.24	4.00	2.45	6.75	2.76	3.12	2.79	3.14	4.66	3.46	3.29	3.38	2.88	3.52	2.67	2.95	3.09	2.83	2.79	2.42
racket	5.00	5.87	4.70	4.69	5.00	5.55	5.10	4.33	6.76	4.40	5.66	5.88	5.38	6.22	4.60	7.00	4.92	5.29	5.50	4.67	6.30	8.25	6.19	4.66	5.09	5.42	5.42	5.18	5.00	5.09	5.77	
rainbow		4.26	4.90	3.23	3.96	4.09	3.45	2.72	4.81	3.67		3.57	4.67	3.78	6.15	8.70	3.92		4.32	3.77	5.34	5.55	4.95		3.25	4.61	3.00	3.31	4.06	3.57	4.19	5.00
roof	3.08	4.39	4.00	3.58	2.91	3.23	3.81	2.17	3.95	2.90	5.21	3.10	3.86	3.70	3.85	5.87	3.40	5.43	3.64	2.91	5.70	4.07	4.52	3.55	3.06	4.55	3.85	3.45	4.64	3.09	4.33	
ruler	5.05	4.96	4.70	4.85	4.35	5.05	4.23	4.58	5.14	4.71	4.63	4.33	5.57	5.13	4.53	5.43	4.52	3.83	5.07	4.14	4.97	4.47	4.71	5.03	4.50	5.27	5.39	4.44	5.00	4.26	5.26	4.00
sandwich	3.84	4.09	5.75	6.27	4.73	2.64	3.30	2.00	11.62	6.38	4.90	3.76	4.62	4.61	4.00	6.88	2.96	3.10	4.63	2.27	6.30	3.71	4.52	3.25	3.19	4.15	4.82	3.31	5.82	2.52	5.63	2.67
saw	4.22	4.26	4.80	4.27	3.13	4.18	4.39	2.88	4.62	4.00	5.29	4.24	4.48	4.35	4.05	6.24	4.88	6.14	4.57	3.86	6.41	5.91	5.05	5.06	4.06	5.15	5.09	4.85	6.71	3.87	5.59	5.67
scale	5.05	5.65	5.10	4.65	4.26	4.41	5.29	4.33	12.24	4.19	4.59	4.58	4.62	5.17	5.80	6.84	4.60	6.05	5.25	4.00	7.14	5.38	4.81	4.34	4.14	5.94	4.64	4.78	6.59	4.39	4.56	5.58
scarf		4.78	3.30	3.38	3.50	3.73	3.69	2.33	8.81	3.00		3.81	2.90	3.22	3.55	5.84	3.60		3.46	2.95	8.35	5.08	4.14		2.67	4.18	2.67	4.20	4.06	3.26	3.76	4.92
scissors	3.62	4.43	3.90	3.50	2.83	3.36	3.88	2.38	4.57	2.52	3.94	3.10	3.62	3.48	3.90	5.33	3.48	3.62	3.64	3.23	6.89	4.67	3.52	3.66	3.28	4.42	3.45	3.55	3.55	2.57	3.26	3.08
sewing machine	5.53	5.87	4.50	5.08	4.09	5.41	6.06	3.29	12.81	4.52	5.29	4.63	4.95	3.78	7.21	6.96	5.20	5.86	4.50	4.32		5.06	4.86	4.63	4.31	6.15	4.39	4.61	5.45	3.96	4.72	5.83
shirt	2.95	3.04	3.40	4.46	3.57	5.41	3.64	1.38	3.86	3.57	4.07	2.38	4.14	4.17	2.95	5.19	3.76	3.52	4.14	3.68	6.95	4.50	3.76	3.97	2.92	4.76	3.76	3.12	3.64	3.87	3.56	3.71
shoe	2.73	3.00	2.45	2.38	2.04	2.32	2.39	1.33	3.57	2.00	2.47	2.19	2.76	2.09	1.95	4.23	2.40	2.95	2.46	2.41	4.31	3.57	2.81	2.32	2.96	3.58	2.06	2.31	2.59	2.39	2.03	2.00
slide	4.08	3.48	3.55	3.50	3.26	3.05	2.77	2.46	10.33	2.29	3.34	2.31	3.95	3.22	4.74	8.70	2.76	3.45	4.75	2.84	6.31	3.92	2.71	3.44	2.66	4.09	2.79	3.07	3.24	3.48	3.31	2.46
snail	3.41	4.09	2.90	2.92	2.65	3.41	3.22	2.33	5.19	2.38	3.78	3.10	3.24	4.30	3.25	8.05	4.68	4.95	4.29	2.73	4.34	3.00	4.75	3.16	3.36	4.27	2.61	3.00	3.27	2.78	5.00	4.46
snake		3.87	3.95	2.88	3.00	3.36	3.50	2.17	5.48	3.00		2.81	3.80	4.30	4.67	5.24	3.48		3.79	3.59	4.49	4.00	3.71		3.53	4.24	2.44	3.19	5.94	3.04	3.71	3.58
snowman	4.69	3.96	4.80	3.04	2.96	3.86	3.14	2.13	4.33	2.76	4.44	4.95	3.19	3.04	3.10	7.95	3.44	4.33	3.50	2.73	7.00	4.17	3.76	2.94	2.72	3.45	2.64	4.36	4.91	2.96	3.45	3.38
sock	2.81	3.13	2.70	2.77	2.04	2.09	2.44	1.50	3.48	2.24	3.24	2.33	2.52	2.13	2.20	4.78	3.20	3.21	3.25	2.77	5.15	3.38	2.81	2.84	2.32	3.42	2.55	2.55	3.05	2.65	2.31	2.38
sofa	3.50	3.65	3.70	3.69	2.52	2.86	3.38	2.13	3.38	2.57	3.26	2.65	6.90	2.96	5.21	4.68	3.12	3.33	3.54	3.23	5.62	4.00	4.10	3.63	2.37	4.94	3.58	4.81	3.73	2.61	4.41	
spoon	2.81	3.30	2.35	2.31	1.87	2.09	2.36	1.29	3.33	1.90	2.69	2.10	2.62	2.26	2.11	3.42	2.52	2.50	2.50	2.32	4.15	4.00	2.38	2.47	1.80	3.39	2.21	2.31	2.59	2.26	2.21	2.04
squirrel	4.62	4.04	4.70	3.27	3.22	4.36	3.82	2.04	7.14	3.43	4.15	4.38	3.38	4.70	5.45	10.26	3.92	5.86	4.07	3.14	4.82	5.27	5.05	3.66	2.81	4.36	3.64	3.86	4.14	2.83	4.54	4.96
stairs		3.57	3.15	2.88	2.39	2.73	2.90	2.22	3.86	2.29		3.21	3.33	3.00	3.10	6.16	3.04		3.39	2.45	4.54	3.29	3.57		2.81	4.00	2.56	3.36	3.71	2.87	3.00	3.00
star	3.03	3.26	3.00	3.08	3.17	3.05	2.84	1.96	3.90	2.67	2.97	2.90	3.65	3.26	3.00	5.58	2.88	3.71	3.79	2.95	4.62	3.30	3.62	3.44	3.03	4.12	3.00	2.88	4.14	3.13	3.21	3.08
stool	2.92	4.22	4.05	3.54	4.22	4.32	4.19	3.04	6.52	3.24	4.71	3.71	2.86	4.30	3.05	3.95	4.72	6.43	2.64	4.66	4.47	5.13	4.52	3.74	3.23	3.30	2.39	3.95	4.50	3.43	4.69	
strawberry	4.11	3.91	3.35	2.73	2.61	3.27	3.68	1.83	10.10	2.52	3.64	2.33	3.33	5.00	4.20	5.76	2.80	3.64	3.14	2.68	5.64	4.00	4.24	3.13	2.64	3.82	3.00	3.48	3.09	2.74	2.92	4.17
sun	2.70	2.96	2.45	2.31	2.22	2.36	2.38	1.33	3.38	1.90	2.56	1.95	2.62	2.13	2.30	4.00	2.24	2.81	2.50	2.34	4.20	2.82	3.38	2.66	1.97	3.12	1.91	2.26	2.36	2.17	2.44	2.21
sunglasses	4.92	4.74	5.85	4.73	3.61	4.64	4.66	3.58	8.90	4.43	4.58	4.10	3.90	4.55	5.55	6.00	4.36	4.88	4.25	4.09	7.35	5.42	5.57	5.13	4.50	5.03	4.70	4.24	5.45	4.39	5.46	4.13
sweater		4.70	3.15	3.15	2.48	2.77	4.93	2.06	5.14	2.81		2.81	3.62	2.78	3.00	3.83	3.84		3.79	2.55	6.65	3.92	6.43		3.81	4.12	3.78	4.56	3.56	2.43	3.14	
swing	3.38	3.83	4.50	2.96	2.30	3.14	2.95	2.04	9.29	2.05	2.84	2.24	2.90	2.43	5.11	4.46	2.96	3.12	3.57	2.45	5.26	3.64	2.48	3.09	2.28	3.64	2.52	2.71	2.91	2.83	2.79	2.42
tail	3.22	3.57	3.05	2.92	2.74	2.82	3.10	2.21	3.81	2.90	3.67	2.76	4.05	3.87	2.85	4.61	3.12	3.67	3.39	2.86	4.32	4.71	3.81	3.06	2.72	3.76	3.06	2.81	4.27	2.43	3.59	3.92
tank	4.78	4.96	6.15	5.00	4.87	6.05	4.64	5.25	6.19	5.05	5.86	4.50	6.14	6.22	5.40	5.71	5.76	5.19	4.54	4.82	6.30	6.50	5.48	4.69	4.31	5.47	5.31	5.40	6.41	5.87	6.13	7.54
telephone	3.43	3.65	4.90	3.69	3.00	3.41	3.56	1.96	5.19	2.90	3.04	3.20	3.62	2.91	4.85	5.36	2.96	2.74	4.18	2.70	5.57	3.86	3.90	3.56	3.00	4.36	3.24	3.45	3.68	3.00	3.49	3.17
television		4.09	5.55	3.15	2.87	3.27	3.37	1.89	5.67	3.48		2.53	3.52	4.87	3.75	5.52	3.12		3.79	3.43	5.03	3.72			2.77	3.79	2.78	4.93	3.12	3.17	3.10	3.92
tennis ball	4.24	4.83	6.00	2.46	4.52	5.14	4.81	4.33	6.57	4.50	5.55	4.60	5.62	5.65	4.85	6.52	5.08	5.00	6.39	4.77	7.27	5.07	2.31	5.25	5.14	2.76	6.09	4.24	5.36	4.39	6.26	6.67
thermometer	6.16	5.61	4.85	4.50	4.39	5.55	6.34	3.92	12.43	4.90	4.50	4.29	4.10	4.43	5.63	7.91	4.32	4.19	4.79	4.18	9.16	5.75	5.85	4.22	4.44	6.12	4.00	5.46	5.00	4.22	6.05	5.54
tie	4.30	3.87	4.80	5.23	4.30	5.36	4.22	4.63	4.33	5.10	4.97	4.26	5.10	4.22	4.68	6.31	5.00	5.00	5.93	4.36	7.08	5.45	6.43	4.84	4.56	6.15	5.48	4.41	5.68	4.41	5.49	
tiger	4.19	3.70	4.00	3.23	3.04	4.09	3.30	2.92	5.00	3.24	3.54	2.67	3.90	4.57	4.35	6.33	3.48	4.71	4.29	3.59	5.38	4.00	4.24	3.63	3.17	4.30	4.00	3.62	3.59	3.30	4.54	3.63
tomato	3.59	3.83	2.95	3.04	2.83	3.41	3.71	2.04	4.05	2.48	3.00	2.10	3.33	4.39	5.25	4.43	2.76	3.00	3.75	3.32	4.96	3.82	3.67	3.09	2.56	3.94	3.27	3.02	3.14	2.96	2.69	2.21
toothbrush	3.05	3.70	4.25		2.65	2.95	2.90	1.75	4.57	2.43	3.94	2.76	3.38	3.04	3.20	4.33	3.76	3.00	3.86	2.77	4.43	3.69	3.57	3.38	2.76	4.18	2.94	2.55	4.00	2.78	3.15	3.21
tractor	4.22	4.30	5.45	3.65	2.57	3.82	3.40	2.21	3.62	3.14	4.26	2.67	3.71	3.87	4.35	5.96	3.84	4.71	4.21	2.55	6.84	5.09	5.76	3.69	3.56	5.21	3.58	3.57	4.68	3.09	4.46	5.79
tree		3.39	2.30	2.15	2.17	2.00	2.47	1.22	3.81	2.00		2.29	2.67	2.96	2.15	4.00	2.36		2.71	2.48	3.78	3.07	3.14		1.92	3.24	1.67	2.43	2.88	2.55	2.43	2.38
trousers	2.86	3.22	2.80	2.77	2.22	2.27	3.17	1.33	3.29	2.05	3.12	2.38	2.81	2.26	3.89	4.46	2.80	2.71	2.89	2.27	4.05	3.08	2.81	2.72	3.25	3.73	2.39	4.10	2.82	2.52	2.87	2.13
truck	4.46	3.48	3.75	4.54	3.00	3.91	3.32	2.50	3.67	3.95	3.91	2.62	7.14	5.09	3.90	5.38	3.68	3.60	4.64	2.91	4.64	4.38	4.10	3.94	3.72	4.48	4.91	3.33	3.59	3.26	3.41	
turtle	3.95	3.52	3.65	3.23	3.65	4.43	4.23	3.00	11.95	3.71	3.42	2.48	4.43	4.26	5.88	4.76	3.48	3.71	4.68	3.81	4.95	4.47	3.76	3.41	3.39	4.21	4.25	3.81	3.82	4.22	3.62	2.63
umbrella	4.16	4.70	3.70	3.73	3.52	3.95	4.13	2.92	9.24	3.24	3.59	2.76	4.00	4.57	5.55	5.92	3.28	3.79	3.79	3.07	4.81	3.70	3.95	3.59	3.22	4.55	3.52	4.00	3.86	3.70	3.79	2.96
vest		4.96	7.15	4.12	3.78	10.33	3.29	3.83	9.52	5.30		4.48	4.62	4.30	3.58	7.16	3.56		4.86	5.14	4.62	6.38	5.38		5.29	4.61	4.00	5.15	5.19	4.61	3.95	
wardrobe		4.91	3.25	3.19	4.39	3.18	4.37	2.83	6.76	2.76		2.62	3.57	3.09	6.26	6.16			3.36	2.82	5.35	5.73	3.48		2.69	4.39	2.89	4.62	3.72	3.22	3.24	3.13
watch	4.03	4.39	4.05	3.81	4.52	4.82	3.90	3.63	5.33	3.33	3.40	4.00	3.55	3.96	3.65	5.39	3.72	3.81	3.64	3.18	5.35	3.89	5.29	3.63	2.78	3.88	3.42	3.45	3.64	3.05	4.15	
watermelon		4.35	3.85	3.50	4.39	5.95	5.15	4.00	13.76	3.90		2.52	4.19	6.87	10.17	5.48	3.84		5.14	5.76	4.70	5.08	3.33		2.83	4.18	3.67	3.86	3.82	4.36	3.05	3.00
wave	4.24	3.52	4.45	4.23	3.52	4.43	3.46	3.67	5.86	3.71	3.93	3.55	4.67	4.45	4.20	6.17	3.40	4.81	4.43	4.33	6.03	5.15	5.38	4.00	3.78	4.33	4.67	3.02	4.05	4.05	4.51	4.42
whistle	4.62	4.87	4.30	3.92	3.87	4.05	4.52	2.71	5.24	3.90	4.60	3.81	3.71	3.70	3.60	5.38	4.44	4.38	4.68	3.57	6.38	4.43	4.19	4.41	3.81	5.52	3.76	4.26	4.64	4.48	3.31	3.83
zebra	4.43	4.17	5.25	3.38	3.43	4.05	4.03	3.79	9.14	3.43	4.63	3.00	4.00	4.39	6.68	6.20	3.80	6.43	4.75	3.86	6.14	5.08		3.75	3.58	4.82	4.27	3.45	4.05	3.91	5.42	
bark	3.05	3.65	4.85	2.58	2.87	3.00	3.47	2.13	4.14	2.62	3.24	3.05	2.90	3.17	3.42	5.81	3.38	3.21	3.00	2.68	6.84	4.14	5.38	3.09	2.33	3.88	2.76	2.86	3.64	3.26	2.67	3.08
bath	2.65	3.78	3.15	2.46	2.43	4.33	3.02	2.04	11.95	2.24	3.21	2.38	2.76	2.61	4.89	4.24	2.79	2.26	3.25	3.00	3.64	3.81	3.52	2.84	2.31	3.09	2.24	2.14	2.91	2.09	2.74	2.21
beg	6.08	4.17	6.18	5.85	5.65	5.67	5.37	5.38	9.24	5.05	5.80	6.65	6.43	6.65	6.56	4.15	6.17	6.24	5.54	4.32	7.51	6.20	6.19	6.94	2.47	6.00	6.00	4.80	7.18	5.22	5.39	7.38
bite	2.84	3.26	2.85	2.85	2.57	2.91	2.92	2.13	4.38	2.43	3.38	2.81	3.20	2.52	4.63	3.92	3.17	3.29	3.39	2.45	4.00	4.29	3.71	3.19	2.39	3.58	2.88	2.43	3.18	2.57	2.72	2.67
blow	3.27	3.91	2.85	3.00	2.61	2.91	3.48	2.04	4.71	2.90	3.39	4.81	3.33	2.96	3.47	4.25	3.25	3.00	3.57	2.59	4.70	4.38	4.24	3.06	2.44	4.36	2.76	2.74	3.18	2.96	3.05	3.63
boil	3.72	5.26	4.35	4.12	3.74	3.05	5.19	3.46	4.90	2.62	4.63	4.70	4.57	3.65	4.59	5.76	5.29	5.48	3.39	3.55	7.24	6.19	5.62	4.28	3.72	5.12	4.88	4.71	5.73	3.30	4.45	6.17
box	4.65	4.13	6.15	5.73	4.83	5.18	5.04	4.88	5.67	4.95	6.68	6.45	3.62	5.00	6.59	7.17	3.92	2.67	3.46	4.41	8.14	6.29	7.15	3.75	2.64	5.52	5.70	3.52	6.45	4.87	5.68	
brush [teeth]	2.97	3.78	4.65	3.73	3.17	2.82	3.43	2.00	4.38	2.38	3.89	2.90	3.38	2.74	3.74	4.39	3.08	3.12	3.68	2.55	4.19	3.71	3.76	3.25	3.11	3.52	2.82	2.93	3.59	2.78	3.82	3.29
build		3.87	4.60	2.88	2.87	5.68	3.47	4.50	3.67	5.81		2.86	3.67	5.35	4.88	4.96	3.63		3.25	2.86	5.43	4.86	6.29		2.97	5.00	2.78	3.40	4.29	3.17	5.10	3.63
burn	3.62	4.22	3.45	4.04	3.52	5.00	4.43	2.83	4.67	3.86	4.53	5.10	3.43	3.78	3.72	5.57	4.29	4.02	3.68	3.45	5.22	4.57	3.40	3.97	3.00	4.58	3.76	3.38	3.86	3.65	3.46	3.88
burst	4.22	3.52	5.26	4.04	5.35	5.24	4.96	3.17	6.19	3.62	4.70	3.76	4.90	3.96	4.21	5.88	4.42	4.79	4.89	3.45	6.22	5.71	4.48	4.26	3.19	4.85	4.09	4.05	4.95	5.78	3.97	3.96
carry	3.05	3.87	2.80	3.35	3.35	3.32	3.67	2.50	5.62	2.52	4.62	4.29	3.62	4.04	3.53	5.07	5.46	3.00	2.96	2.82	4.46	3.95	6.86	3.59	2.56	3.73	3.09	2.86	3.11	2.70	3.36	3.13
carve	6.03	5.48	7.50	5.23	4.22	5.50	6.02	4.88	7.90	4.33	9.74	5.73	5.10	5.30	7.44	5.32	6.79	6.76	5.68	5.00	7.38	8.71	7.62	4.78	5.69	3.91	5.67	6.07	8.00	6.22	7.44	
clap	2.97	3.26	4.00	2.81	2.17	2.86	2.77	1.88	6.81	2.48	4.09	2.14	2.95	2.35	3.11	4.44	4.29	2.12	2.86	3.27	3.97	3.81	2.95	3.09	2.50	3.39	2.24	2.17	3.27	2.30	3.10	3.00
clean		3.78	3.20	5.46	3.65	6.73	3.59	1.61	4.19	2.95		2.86	4.57	4.30	3.26	6.00	3.33		3.36	3.14	4.43	4.43	4.10		2.50	4.48	2.67	2.95	3.88	3.23	3.24	3.17
climb	3.05	3.78	2.85	2.92	2.96	3.18	3.61	2.21	4.90	3.29	3.50	2.57	3.33	3.13	4.32	4.54	4.00	3.48	2.96	2.95	4.81	3.71	3.81	4.44	2.69	3.88	2.85	3.02	2.91	3.13	3.74	4.38
comb	3.08	4.26	3.30	3.23	4.65	3.50	3.85	2.21	4.38	2.71	3.51	2.71	3.43	2.91	3.56	4.22	3.67	3.38	3.43	2.68	4.46	4.90	3.60	3.22	2.58	3.73	2.73	3.83	2.95	3.30	3.23	2.88
conduct		6.91	5.95	6.96	6.48	5.64	7.27	4.67	6.52	6.05		3.90	5.48	4.22	6.11	5.74	6.13		6.36	5.57	8.78	5.38	11.19		5.78	5.91	5.22	7.15	5.76	6.48	6.19	
cook	3.67	3.96	3.40	2.96	2.83	3.32	3.73	2.63	4.05	2.67	3.53	3.33	3.29	3.43	3.63	6.00	3.29	3.86	3.46	2.77	5.89	4.71	4.62	3.47	2.92	4.33	2.76	3.38	4.05	2.87	3.38	4.38
crawl	3.00	3.22	5.20	2.92	2.74	3.14	3.03	2.17		2.57	3.95	2.67	3.14	2.70	6.94	5.12	4.42	4.52	4.21	3.00	5.59	6.21	4.38	4.50	2.33	3.45	2.67	2.49	4.00	2.65	3.18	4.08
cry	2.70	3.13	2.40	2.50	2.22	2.27	2.48	1.46	5.14	2.14	2.71	1.83	2.57	2.17	2.63	3.67	2.54	2.17	2.96	2.27	4.82	3.38	3.00	2.59	1.92	3.12	2.03	2.10	2.64	2.52	2.24	1.75
cut	3.78	3.65	4.00	3.73	3.22	3.27	3.35	2.46	4.00	2.90	3.49	3.43	3.81	3.04	3.42	4.79	3.33	3.43	3.82	3.00	6.47	4.76	4.33	3.75	3.08	4.58	3.33	3.07	3.32	2.96	3.38	2.46
dance	3.59	3.65	2.85	3.15	2.65	2.95	3.15	2.25	4.05	3.43	3.60	2.52	3.86	2.91	3.42	6.16	3.08	3.02	3.29	2.77	5.84	4.29	4.00	2.94	2.33	4.15	2.55	2.93	3.27	2.74	3.69	2.29
dig	5.38	3.61	5.10	2.92	2.91	3.64	3.57	2.71	4.57	3.62	4.08	3.43	4.05	2.83	4.61	6.28	4.00	5.00	3.71	4.05	5.86	5.38	5.48	3.31	2.83	4.67	4.39	2.93	5.57	3.43	4.24	4.46
dive	4.43	4.61	5.65	2.54	4.52	4.68	5.10	3.88	5.52	2.67	4.00	5.68	3.48	5.35	4.72	5.26	4.17	5.95	5.50	4.64	5.70	6.38	6.40	4.59	4.28	3.52	3.94	4.90	3.90	4.48	5.10	
drag		4.48	3.90	3.92	3.70	5.18	4.91	2.54		5.14		4.37	3.67	3.52	7.44	5.91	4.71		4.29	4.45	4.51	5.38	4.12		3.53	4.67	2.56	4.07	4.75	4.26	5.80	
draw	3.22	3.96	2.85	2.85	2.57	2.86	2.86	1.96	3.95	2.29	3.12	2.48	3.52	2.78	2.95	5.21	2.71	3.14	2.93	2.27	4.38	3.71	3.24	2.68	2.47	3.36	2.52	2.67	2.95	2.57	3.49	2.54
drill	4.95	5.26	3.70	4.73	4.35	4.86	5.46	3.67	4.48	4.71	4.44	5.80	3.38	4.04	4.56	4.00	6.33	5.95	5.21	4.33	8.27	6.40	5.19	4.09	4.97	5.06	4.85	4.95	6.50	4.91	4.67	4.88
drink	2.73	3.04	2.65	2.23	2.09	2.05	2.44	1.38	3.62	1.86	2.80	2.07	4.10	2.00	2.53	3.79	2.25	2.02	2.61	2.23	3.51	3.05	5.30	2.26	1.74	3.15	1.73	2.29	2.68	2.17	2.42	1.75
drip	3.75	4.26	5.90	3.96	3.91	5.00	4.44	2.13	5.38	3.67	4.41	4.50	2.81	4.22	4.74	7.17	5.83	4.76	4.71	3.73	7.62	5.81	5.48	3.75	3.17	5.12	3.70	3.98	5.50	3.91	4.47	4.42
drive	5.27	4.48	5.30	4.04	2.65	4.09	3.92	2.00	4.29	3.48	3.75	4.30	4.29	3.00	3.95	5.42	4.08	3.71	4.14	2.68	6.76	4.76	5.14	4.09	4.39	4.06	4.27	3.46	4.86	3.48	4.56	3.13
drown	4.69	5.26	5.50	4.58	4.57	5.50	5.57	4.04	5.67	5.48	4.67	5.20	4.52	5.30	4.63	6.00	4.67	4.86	4.71	4.73	6.03	5.90	5.83	4.68	3.97	5.18	4.73	4.67	5.23	4.74	4.85	5.38
dry	5.32	3.74	3.50	5.00	3.26	5.36	3.67	2.92	3.95	3.76	4.69	4.33	5.71	3.17	3.89	6.89	3.54	3.36	4.79	3.41	7.22	6.05	5.86	4.06	3.33	4.79	3.91	4.02	3.95	3.61	4.28	4.08
eat	2.54	3.00	2.30	2.23	1.96	2.00	2.34	1.29	3.86	1.95	2.61	1.83	4.33	2.00	2.42	4.18	2.04	1.95	2.61	2.23	3.30	3.14	2.67	2.13	1.94	2.88	1.76	1.95	2.18	1.91	2.05	1.54
erupt	5.97	6.65	5.45	7.85	5.83	6.00	7.20	4.75	6.19	5.10	6.82	5.65	2.48	6.04	7.47	6.94	6.58	5.71	5.57	5.48	8.46	7.10	7.58	4.91	7.03	5.30	5.36	6.93	6.61	6.04	3.92	
extinguish	6.27	7.04	3.30	4.58	3.22	5.14	7.09	2.79	5.76	4.71	4.15	3.29	5.48	3.17	4.00	7.83	5.71	4.95	4.79	4.71	4.82	5.00	3.76	4.03	4.78	4.61	4.58	7.40	2.95	3.13	3.77	3.25
fall	2.97	3.26	2.70	2.85	2.48	2.50	2.78	2.13	4.05	2.52	3.06	2.43	4.57	2.04	2.84	4.38	2.58	2.29	3.00	2.82	4.16	3.76	3.05	3.42	2.17	3.15	2.64	2.26	3.23	2.57	2.28	2.17
feed	3.65	3.43	3.15	3.15	3.30	3.09	3.15	2.46	5.19	2.90	3.26	3.05	3.76	2.61	5.74	6.21	5.17	3.24	4.00	3.23	5.27	5.71	4.19	2.97	2.31	3.24	2.79	3.02	5.19	2.96	3.95	5.38
fight	3.89	4.00	3.80	3.73	3.26	3.55	4.03	2.83	4.43	5.24	4.57	3.52	3.33	4.00	3.37	5.45	3.58	4.14	3.79	2.91	5.19	5.05	4.14	3.75	3.03	4.21	3.55	3.31	4.09	3.70	3.63	3.50
file		6.17	5.85	5.69	5.50	6.00	6.07	5.11	10.86	5.38		7.11	3.95	5.43	9.38	7.48	6.00		6.43	5.10	7.27	5.90	7.57		3.97	6.70	6.89	5.49	10.83	6.00	5.57	
fish	4.65	3.26	4.40	4.73	3.35	3.95	4.05	2.96	4.38	4.62	4.26	4.50	6.14	3.96	3.95	6.96	4.17	2.60	4.11	3.50	6.81	5.81	5.19	4.66	3.42	4.79	4.06	3.29	4.52	3.87	5.18	5.00
fly	4.19	3.30	3.05	3.35	3.05	3.45	3.52	2.17	7.19	3.10	3.19	4.05	4.52	2.96	3.58	6.19	3.04	3.24	3.61	2.73	4.49	4.43	4.24	3.44	2.69	4.00	3.12	2.88	3.36	3.26	3.68	3.83
fry	3.86	3.96	4.95	5.00	3.83	3.45	5.28	2.58	5.95	4.33	4.38	4.55	3.57	4.17	5.53	6.89	5.63	5.52	3.71	3.91	4.59	6.19	4.71	4.31	3.50	5.52	5.52	4.24	5.18	3.52	4.82	5.38
glue	3.57	4.09	3.74	3.88	3.30	3.50	3.85	2.96	6.05	3.00	4.16	3.05	3.57	3.52	5.61	5.58	3.71	3.38	4.18	3.14	5.24	5.00	4.24	3.66	3.47	4.45	3.36	3.86	3.82	3.39	3.87	3.54
grate	5.03	6.39	4.00	4.46	3.48	5.82	5.79	4.42		5.48	4.35	3.43	3.81	3.13	5.35	7.85	5.04	5.81	4.37	3.00	8.03	4.76	5.20	4.25	3.53	5.79	4.27	4.80	5.62	3.61	5.03	
grill	4.41	5.04	5.70	6.42	4.14	6.14	6.00	5.22		4.81	4.06	4.95	5.11	7.05	8.60	6.41	6.46	5.43	3.59	4.05	7.05	6.57	5.07	8.31	3.50	4.67	6.85	5.24	6.77	4.48	5.76	6.38
hammer	3.41	4.65	4.60	5.00	3.30	2.64	4.81	3.00	5.33	3.76	4.97	2.93	3.45	4.00	6.94	6.15	6.38	4.81	3.93	5.19	7.46	6.00	4.95	4.59	4.25	4.67	5.03	3.33	5.00	3.65	4.21	4.83
hatch	5.19	5.39	5.90	5.46	6.04	5.77	5.31	4.21		4.52	8.33	6.00	4.24	5.00	3.37	6.58	5.71	5.43	5.11	5.95	6.70	6.90	5.48	5.19	4.33	5.64	5.21	4.88	9.18	4.83	4.97	
hitchhike	7.11	7.30	6.45	6.62	6.35	6.82	7.56	6.96	9.19	8.10	7.65	6.24	4.86	7.52	6.37	7.84	6.63	8.38	4.75	6.14	6.76	7.57		7.81	5.20	6.09	6.24	6.66	8.95	5.17	7.97	
hug	3.03	2.96	2.75	3.50	3.04	3.05	2.50	1.96	6.19	2.90	3.92	2.14	5.15	3.48	6.56	7.21	3.13	4.10	3.25	4.05	3.97	5.19	3.19	2.77	2.36	3.15	2.94	2.33	3.05	2.39	2.85	
hunt	5.08	5.04	4.95	4.65	4.35	4.55	5.27	3.83	5.62	4.38	4.03	5.20	3.14	3.82	5.00	6.00	4.79	5.76	4.86	5.14	6.84	7.24	6.00	5.09	4.53	5.09	5.18	5.00	5.64	4.00	5.57	5.63
iron	4.27	4.87	4.60	4.35	4.04	4.32	4.98	2.33	5.14	4.29	4.44	5.20	5.00	4.09	4.16	6.19	4.38	4.43	4.04	3.55	4.89	5.62	4.38	4.47	3.19	5.03	3.82	4.12	5.00	4.30	3.90	5.25
jump	3.19	3.17	2.80	2.54	2.09	2.82	2.83	1.88	3.62	2.86	3.46	2.36	4.24	2.35	2.70	5.17	2.88	2.67	3.11	2.50	4.00	3.86		3.09	2.42	3.66	2.58	2.52	5.68	2.48	3.15	2.33
kick	3.00	3.57	4.40	2.92	2.86	3.14	2.96	2.29	4.43	4.71	3.62	2.62	3.10	3.09	3.10	4.22	3.58	4.33	3.50	3.64	4.45	5.57	4.76	3.22	2.69	4.21	3.03	2.62	3.78	2.78	5.46	5.13
kiss	2.92	3.22	2.40	4.04	2.52	4.05	2.74	2.50	3.90	3.14	2.97	2.05	3.48	2.61	3.00	5.78	3.08	2.45	3.39	3.36	3.96	4.14	2.90	3.53	2.17	3.61	2.67	2.26	3.05	2.74	2.33	4.54
knit	4.08	5.74	5.70	4.58	3.57	4.59	5.37	3.67	4.52	4.10	4.94	4.90	2.62	3.83	3.95	6.92	5.75	4.74	4.25	3.64	7.65	5.24	5.33	5.03	4.14	4.97	4.67	3.80	5.95	3.61	4.21	6.00
knock	3.22	4.22	3.55	3.38	3.13	3.55	3.83	2.29	4.14	2.86	3.24	2.86	4.86	3.13	3.35	5.08	3.54	3.07	3.93	3.09	4.68	4.71	3.90	3.28	2.53	4.52	3.06	3.33	4.91	2.96	2.95	2.58
laugh	2.76	3.70	2.65	2.58	2.43	2.27	3.08	1.79	4.00	2.29	2.66	2.52	3.38	2.35	2.84	4.25	2.50	2.64	3.07	2.41	4.92	3.86	2.81	2.75	2.11	2.82	2.30	2.52	3.23	2.30	2.39	2.33
lick	3.11	3.61	3.10	2.88	3.00	3.23	3.27	2.33	4.24	3.05	3.95	2.43	3.14	2.96	3.93	5.19	3.13	3.71	3.82	2.77	4.81	5.71	3.90	3.28	2.69	4.12	2.82	2.86	3.36	2.83	3.13	3.58
light	4.27	3.78	4.00	4.62	3.13	5.09	4.33	3.00	5.19	4.52	3.82	3.00	3.76	3.22	3.37	6.19	3.83	4.81	4.21	3.64	6.97	5.24	3.81	3.65	3.83	4.67	4.42	3.24	3.59	3.74	3.56	3.92
listen	3.05	3.43	2.95	2.88	3.52	2.68	3.15	2.17	4.00	2.10	2.89	3.40	4.10	2.74	3.00	3.92	2.96	3.10	4.00	2.77	4.05	3.71	3.67	2.84	2.39	3.36	2.58	3.07	3.50	2.91	3.11	2.38
marry	5.38	4.96	5.35	5.88	4.70	4.50	4.65	5.17	5.10	4.81	5.38	4.71	4.67	4.35	4.11	7.33	4.42	5.29	5.82	4.18	6.73	6.43	6.52	4.75	4.78	5.48	5.36	4.40	5.59	4.64	4.32	7.42
massage	6.25	6.39	7.20	5.81	6.74	6.91	6.59	4.17	4.48	6.19	5.94	6.12	5.62	4.96	8.31	6.56	5.54	7.76	6.79	4.95	6.00	6.33	6.33	4.84	5.14	5.64	6.03	6.40	7.95	6.17	6.31	10.42
measure	4.59	5.35	5.55	4.73	4.13	5.82	5.56	3.75	4.95	5.24	3.66	4.30	5.80	4.48	4.89	5.29	4.88	5.90	4.89	4.59	5.84	6.10	6.24	4.81	4.86	5.52	4.58	5.37	5.41	4.13	5.59	5.29
melt	4.30	4.39	6.05	5.08	3.61	4.32	4.75	3.21	4.48	4.38	4.55	6.74	4.43	4.35	4.22	5.42	4.58	5.14	3.89	3.73	5.49	6.86	4.43	4.66	3.42	5.15	4.67	4.34	5.64	4.43	4.79	4.38
milk	3.89	4.35	5.45	4.96	4.00	4.50	4.18	3.38	4.57	4.62	5.62	5.15	4.00	4.57	5.88	7.29	5.13	6.38	4.50	4.43	6.35	7.10	5.86	4.66	3.81	5.85	5.15	2.81	5.59	4.35	4.74	6.25
mix	3.97	4.13	4.05	5.81	4.50	4.59	3.93	2.92	5.86	3.24	4.29	5.75	3.81	3.39	3.63	5.92	4.00	5.19	4.54	4.23	5.03	5.24	4.67	5.42	5.08	4.76	4.82	3.69	6.00	3.17	4.59	3.21
mop	4.95	4.22	4.05	4.54	6.00	4.68	4.87	3.70	4.95	3.43	4.28	3.19	4.43	3.87	3.00	6.09	4.29	4.05	3.54	3.64	7.22	4.24	6.62	4.00	3.19	4.61	4.81	3.93	4.82	4.57	4.31	3.17
open	3.27	3.57	2.70	3.15	2.83	3.82	3.02	1.92	4.05	2.71	3.03	2.45	4.48	2.26	2.79	4.76	2.63	2.88	3.00	2.68	4.08	4.10	3.48	2.84	2.28	3.58	2.61	2.71	2.64	2.39	2.44	2.29
operate	5.67	6.74	6.30	6.15	5.48	6.09	6.66	2.33	5.62	4.95	6.79	6.55	3.38	5.91	6.68	6.96	6.63	6.57	6.25	5.24	7.46	7.90	7.43	6.09	6.89	6.42	5.91	6.71	6.14	6.00	5.87	7.96
paint	3.78	3.91	3.05	2.85	2.91	3.45	3.31	2.42	4.14	4.95	5.12	2.67	5.95	3.70	3.11	8.86	4.58	5.95	2.93	3.18	4.38	5.81	3.29	3.03	3.19	4.64	2.91	3.24	2.91	2.78	3.08	
pee	2.59	2.87	2.35	2.19	2.09	2.23	3.35	1.46	4.48	3.24	3.19	4.42	3.90	2.17	4.11	4.33	2.25	2.43	5.19	2.52		5.10	2.48	2.50	3.31	3.09	1.91	3.21	5.00	2.22	2.84	4.38
peel	4.05	4.39	3.90	4.08	3.83	4.05	4.82	2.79	5.14	3.67	5.00	3.90	2.33	4.45	7.00	5.09	4.71	4.48	4.18	3.91	6.68	5.71	4.43	4.23	3.19	5.30	4.36	3.88	4.41	3.52	3.95	4.42
photograph	5.00	5.61	5.05	4.27	4.43	5.25	5.33	3.46	5.14	4.52	4.71	3.86	4.71	4.04	6.42	6.80	4.88	4.19	4.39	4.00	5.95	5.48	4.90	4.25	3.97	4.48	4.45	5.05	5.41	4.91	3.92	3.33
pick	3.81	3.61	3.75	3.42	3.13	3.68	3.52	3.04	3.67	3.57	3.37	3.05	3.95	3.48	3.35	6.14	3.58	4.14	3.68	2.91	5.86	5.10	4.71	3.56	3.47	4.09	3.09	3.41	4.44	3.35	3.21	4.54
pinch	3.46	4.09	3.85	3.92	3.50	3.36	3.94	2.71	4.67	4.14	3.95	3.80	3.57	3.52	6.47	5.28	4.13	4.40	3.96	3.27	4.32	5.29	4.95	3.78	3.14	4.33	3.39	3.48	4.45	3.43	4.11	5.63
plant	3.76	4.13	4.25	5.08	3.83	4.41	4.21	3.92	4.33	3.76	4.39	3.62	3.43	4.83	4.53	6.48	4.00	4.48	3.96	4.05	4.86	6.29	4.55	4.44	3.53	4.91	4.15	3.51	6.05	4.57	4.28	4.21
play [the piano]	4.81	3.17	5.15	2.58	3.00	2.50	2.46	2.54	3.62	4.71	4.56	2.90	4.48	3.09	4.95	8.32	3.42	4.90	3.71	3.55	7.14	4.52	7.19	4.26	1.97	4.36	2.21	2.36	5.14	2.74	6.05	3.92
play golf		4.87	9.25	7.69	6.36	7.24	5.53	6.89	5.71	7.30		7.06	5.14	6.48	5.44	8.21	2.38		9.50	5.43	7.51	7.14	10.71		8.63	3.73	2.00	6.10	7.94	6.57	6.75	9.00
plow	5.00	5.52	5.65	6.27	4.86	5.71	6.19	5.04	5.62	6.00	5.66	6.15	9.14	6.77	5.35	6.62	5.67	5.52	4.79	5.24	8.16	5.52	6.57	6.25	5.36	5.61	4.70	6.80	7.27	6.13	5.16	7.08
post	4.51	4.13	5.05	4.38	5.86	4.91	4.22	3.96	4.14	4.52	5.45	4.10	4.67	5.61	5.21	5.40	5.42	5.38	5.04	4.33	8.00	5.67	6.52	4.44	4.83	5.06	3.79	4.54	5.45	3.83	5.51	
pour	3.81	4.04	5.95	3.54	3.18	4.18	4.09	1.92	4.48	3.81	3.97	4.24	4.81	3.39	3.56	5.05	3.92	4.71	3.43	3.32	5.14	5.67	3.40	3.47	2.81	4.27	3.45	3.50	5.38	3.26	3.42	3.42
pull	3.44	3.70	4.11	3.38	3.57	3.32	3.11	2.39	4.48	2.95	3.66	3.05	4.00	3.30	3.47	5.20	3.21	4.86	3.93	3.05	4.51	5.19	4.12	3.53	2.92	4.33	3.00	3.27	3.14	3.22	3.49	3.21
push	3.41	3.48	4.50	3.62	2.83	3.00	3.12	2.33	4.38	2.90	4.07	2.86	4.00	3.09	3.50	6.19	3.50	3.81	3.75	2.95	4.18	5.71	4.38	3.44	2.58	4.15	3.33	2.64	3.55	3.61	3.08	3.00
rain	3.05	3.65	2.85	2.92	2.74	2.82	3.00	1.75	4.48	2.43	3.21	2.45	3.50	3.09	2.67	4.42	2.83	3.02	3.04	2.73	3.81	3.90	4.14	3.42	2.33	3.55	2.52	2.71	3.14	2.65	2.95	3.08
rake	4.70	4.65	9.11	3.77	3.61	4.68	5.48	2.92	5.90	7.24	5.35	5.05	4.71	3.91	6.19	9.19	5.33	3.76	4.36	4.27	5.89	6.53	3.98	4.13	4.26	4.39	4.00	4.70	3.68	3.74	5.31	
read	3.49	3.52	3.70	3.27	3.00	3.18	3.19	2.04	3.81	3.19	3.41	3.52	3.57	3.00	3.05	5.38	3.50	3.71	3.61	3.05	4.24	4.29	4.14	3.03	2.81	4.33	2.97	3.36	3.45	3.09	3.62	3.67
ride [a horse]	4.00	3.61	5.30	3.15	3.43	4.36	3.67	2.88	6.95	3.52	5.88	3.80	4.48	5.05	4.00	6.92	4.71	3.86	4.25	3.95	6.89	5.29	5.48	5.38	3.83	5.06	4.12	3.02	4.45	3.70	4.76	4.88
ring	4.05	4.13	3.55	3.31	4.04	3.95	4.12	3.17	11.10	2.90	8.55	3.14	3.33	3.57	4.47	5.52	3.50	3.17	3.96	3.05	4.62	4.62	4.33	3.50	3.11	4.30	3.00	4.10	4.57	3.26	3.59	4.92
roast	4.68	5.70	5.05	3.77	4.71	5.14	5.66	2.63	5.43	4.38	3.98	7.25	3.90	6.86	4.56	6.27	5.67	4.38	3.61	4.27	7.05	6.57	5.07	4.19	3.50	4.85	4.61	5.02	6.05	4.86	4.82	
row	5.11	4.35	5.45	6.08	4.57	5.00	4.80	3.13	5.57	5.10	6.38	7.15	4.62	4.26	4.67	5.68	5.00	6.86	5.64	5.62	7.57	6.10	5.57	5.25	4.86	5.42	6.21	4.44	5.86	3.74	6.64	
run	3.14	2.96	2.95	2.77	2.35	4.32	2.86	1.79	3.67	2.43	3.00	2.62	3.19	2.48	2.79	4.78	2.79	3.07	3.04	2.45	3.92	4.00	3.10	2.72	2.25	3.39	2.55	2.60	2.86	2.74	2.38	2.38
sail	5.39	4.78	4.95	6.58	3.39	5.45	5.05	4.79	4.38	5.19	6.39	4.81	7.14	3.87	4.26	7.74	5.04	5.05	8.11	4.90	7.57	6.48	5.67	6.13	3.06	5.15	5.52	4.95	6.36	4.65	6.82	
saw	4.78	4.26	5.35	4.08	3.59	4.36	4.34	3.25	4.86	4.38	3.46	5.70	4.90	4.04	6.47	6.23	5.83	6.14	3.79	4.36	8.05	6.57	5.60	4.88	4.00	4.61	4.55	4.10	10.94	3.96	3.15	6.25
search		5.13	3.15	3.08	4.78	3.00	5.02	2.28	5.05	2.48		3.14	3.86	3.26	4.26	5.71	3.00		3.54	2.73	4.24	5.14	4.19		2.47	4.06	2.00	3.69	3.41	2.48	3.81	
sew	4.84	4.96	4.00	4.27	3.61	4.64	5.26	2.88	5.19	4.33	4.75	4.67	4.00	3.57	4.05	7.61	4.54	4.76	3.89	3.55	5.84	5.62	5.33	3.91	3.53	5.15	3.85	3.95	4.77	3.17	4.87	4.96
sharpen	6.17	5.43	6.26	5.62	4.65	5.73	5.15	4.13	6.52	5.86	6.13	5.50	5.19	5.26	5.06	5.54	6.08	7.14	5.57	5.43	6.89	5.95	5.81	5.13	4.19	5.42	5.64	4.95	6.19	5.30	7.82	6.67
shave	4.89	5.96	4.45	4.81	4.13	4.45	5.54	3.46	9.90	4.62	4.70	4.50	4.57	4.30	4.68	6.00	6.83	5.14	5.39	4.05	6.59	5.86	7.62	4.94	4.39	5.61	5.03	5.07	6.09	4.35	4.47	6.38
shear	5.38	5.96	6.10	3.73	3.17	4.55	6.50	5.38	5.14	4.95	4.10	7.35	4.81	6.27	7.25	8.67	6.71	6.95	3.75	4.79	6.59	5.90	8.10	4.74	3.53	4.58	3.24	7.34	9.32	3.22	5.37	
shower	4.81	4.57	5.15	4.23	4.00	3.23	4.43	2.96	8.57	3.90	3.61	2.95	5.05	4.87	5.42	6.75	4.04	2.29	3.43	3.59	3.64	5.19	5.57	5.00	4.26	4.33	3.97	4.07	3.50	4.17	4.77	
sing	2.92	3.39	2.80	2.62	2.39	2.82	3.06	1.58	3.71	2.29	3.17	2.19	3.05	2.52	2.89	4.30	2.83	2.76	2.96	2.45	4.62	3.86	4.90	2.94	2.47	3.52	2.48	2.76	3.00	2.35	3.00	
sink	4.51	4.30	4.85	4.65	3.87	4.59	4.49	3.67	5.05	5.33	5.52	4.80	5.48	4.74		7.32	5.50	5.05	4.61	4.45	6.22	5.24	5.83	4.97	3.81	5.36	4.52	4.59	5.23	4.17	4.03	2.25
sit	2.57	2.96	2.65	2.42	2.26	2.18	2.65	1.33	3.52	1.95	3.00	2.00	2.62	2.26	2.68	4.46	2.58	2.38	2.82	2.64	3.49	3.86	2.86	2.59	1.92	3.09	2.09	2.21	4.17	2.52	2.51	1.75
skate	6.19	4.91	5.35	4.04	4.78	4.86	5.15	6.96	12.05	5.62	7.09	3.60	6.48	4.13	5.82	8.00	5.00	4.29	4.07	4.38	7.22	5.81	8.00	6.94	6.92	3.97	4.97	5.55	4.50	5.43	6.05	
ski	6.05	4.96	6.90	4.54	4.74	5.68	5.91	2.46	7.43	2.52	5.69	5.40	5.43	4.74	7.39	7.71	5.00	5.57	5.14	5.29	7.76	5.52	7.67	4.63	4.56	6.03	4.79	5.50	6.29	4.35	6.56	
sleep	2.65	3.00	2.40	2.23	2.17	1.91	2.34	1.33	3.67	1.90	2.69	2.00	2.86	2.17	2.60	3.16	2.42	1.90	2.64	2.18	3.26	3.33	2.60	2.39	1.82	2.94	1.76	2.07	2.50	2.13	2.11	2.21
slide	3.39	3.48	3.95	3.12	3.04	3.23	3.37	2.17	9.57	2.38	3.73	3.02	3.67	3.09	3.47	6.00	3.46	3.45	4.14	2.41	5.76	4.25	3.43	3.47	3.25	4.30	2.79	3.27	5.50	3.43	3.54	2.71
slip	3.97	4.09	4.00	3.42	4.00	4.18	4.02	2.88	4.05	3.67	4.56	4.85	4.33	2.83	5.82	6.43	3.54	3.81	3.86	3.59	6.68	4.90	4.00	4.19	3.72	4.58	3.48	3.52	6.22	3.04	3.77	
smell	3.16	3.39	3.20	3.54	3.43	3.14	3.21	2.29	5.90	2.48	3.32	2.81	3.52	4.13	5.76	4.86	4.21	2.90	3.39	2.77	5.32	4.52	3.62	3.31	2.53	3.58	3.12	2.62	3.32	2.87	3.16	2.83
smoke	4.38		4.90		3.57	4.73	5.50	4.29	5.38	4.57	5.16	5.75	4.67	4.17	5.53	7.18	5.08	4.95	5.61	3.86		5.81		3.81	4.47	5.73	4.79	4.68	4.86	4.39	4.34	
snow	4.86	3.48	4.05	2.88	2.70	3.27	3.33	2.00	4.24	2.62	4.22	4.50	3.24	3.00	3.21	6.68	3.50	4.67	3.39	2.82	7.68	6.14	3.95	5.13	2.56	3.21	2.48	4.45	4.59	2.57	3.45	4.04
spill	2.97	3.74	5.40	3.19	2.96	3.77	3.49	2.08	4.48	3.62	3.69	2.81	3.71	2.65	3.78	5.00	4.21	4.57	3.36	2.93	4.73	4.52	3.40	3.19	2.86	4.36	2.70	2.95	3.36	2.96	2.89	3.00
spin	4.86	4.96	6.65	6.23	4.55	5.57	3.78	4.38		5.62	5.40	7.00	4.76	5.61	6.31	8.50	3.33	6.38	5.21	5.67	5.84	8.00	8.90	7.34	5.20	6.18	6.24	5.25	4.22	5.00	8.47	
squeeze	3.24	4.61	5.85	3.65	4.87	5.64	3.97	3.38	8.33	4.86	4.85	4.55	5.42	4.48	4.94	5.52	5.71	4.86	3.96	4.62	6.35	5.90	5.90	4.94	4.19	5.39	4.76	3.45	5.27	4.91	3.59	4.50
steal	4.41	4.35	6.00	5.35	4.52	4.77	4.70	3.96	5.48	4.38	4.79	4.50	5.00	4.43	3.95	5.74	4.63	4.57	4.79	4.50	5.22	6.52	5.35	5.09	4.40	5.13	4.88	4.32	4.95	4.96	3.74	6.33
sting	4.05	4.39	4.10	3.38	3.70	4.59	4.34	2.79	13.71	3.57	6.76	3.76	3.35	4.00	7.88	8.24	4.17	4.38	4.79	3.05	6.38	6.05	4.29	5.06	3.86	4.82	3.55	4.02	4.45	3.32	4.41	4.33
stir	3.46	3.96	3.95	3.27	3.17	3.41	4.40	2.63	5.86	3.24	4.22	5.10	4.00	3.41	5.47	5.08	3.67	4.24	3.68	3.14	5.03	5.48	4.67	3.69	3.06	4.79	3.30	3.76	5.52	4.17	4.10	
stroke	3.49	3.13	3.80	2.96	2.57	2.59	3.61	2.50	5.29	2.52	3.76	2.57	3.33	2.45	4.42	5.30	3.58	4.05	3.43	2.77		5.67	4.52	2.91	3.14	3.67	2.76	4.08	3.91	2.74	4.29	4.71
sunbath	5.78	5.17	5.25	4.92	5.26	5.18	5.93	4.29	7.19	4.71	5.65	4.95	4.67	4.91	4.68	6.96	4.88	5.29	4.96	4.86		6.10	8.14	5.13	4.03	5.00	4.82	6.10	7.05	3.61	4.77	
surf		5.26	9.80	8.31	7.83	6.00	6.29	6.53	9.05	7.50		5.00	8.90	9.39	8.63	7.52	8.75		10.14	7.05	7.22	8.15	9.52		10.03	4.29	7.22	5.80	6.50	6.83	8.10	
sweat	4.59	4.96	5.25	4.85	4.17	5.05	5.42	4.79	6.10	4.67	4.99	4.57	4.86	5.83	4.44	5.21	4.67	5.10	5.75	3.77	6.22	5.67		5.25	4.44	5.15	5.33	5.26	5.05	4.48	3.89	4.63
sweep	3.57	4.65	4.00	3.92	3.09	3.59	4.78	3.08	4.43	3.81	3.81	3.29	3.67	3.30	3.05	6.08	4.38	4.38	3.61	3.27	4.73	4.71	3.98	4.03	3.33	4.55	3.33	3.24	4.19	3.74	3.64	3.75
swim	3.41	3.61	3.95	3.35	3.13	3.00	3.47	2.25	4.48	3.52	3.53	3.81	4.29	3.83	3.33	7.05	3.54	3.71	3.82	3.27	6.03	4.24	4.67	3.94	3.22	3.97	3.67	3.10	3.73	3.39	3.72	3.08
swing	3.35	3.83	3.45	2.81	2.48	3.27	3.49	2.13		2.19	3.31	2.43	3.14	2.87	3.16	4.92	4.13	3.12	3.39	2.68	3.72	4.14	3.43	3.09	2.50	3.55	2.52	2.93	5.57	2.70	3.28	2.58
talk [on the phone]	3.84	2.96	5.10	3.08	3.00	3.23	2.69	1.96	3.48	3.33	3.69	2.43	3.43	2.57	4.42	5.13	3.54	3.60	3.82	3.23	4.97	5.19	4.33	4.97	2.00	4.67	3.39	2.29	4.09	2.35	3.66	3.54
tear	4.00	3.96	3.85	3.42	6.26	3.95	4.34	2.54	4.95	3.90	4.20	3.14	4.10	3.36	4.76	5.32	3.96	3.57	4.75	3.50	5.11	4.29	4.00	4.31	3.00	4.76	3.21	3.90	6.24	3.39	3.23	3.00
throw	3.68	4.78	3.45	3.69	3.14	3.95	3.28	2.00	4.00	2.76	3.18	2.71	3.95	3.22	3.32	4.26	4.29	2.95	3.07	2.86	4.51	4.33	4.95	3.44	2.89	3.58	2.76	3.05	3.45	2.43	2.56	2.42
tie	3.76	3.87	3.45	3.69	3.57	4.05	4.14	3.42	4.48	3.62	3.88	3.57	4.00	3.43	3.74	5.23	4.46	5.00	3.54	3.41	4.84	5.57	4.67	3.78	3.10	4.64	3.72	3.79	4.23	3.04	3.85	3.50
type	5.65	4.91	5.85	3.42	8.05	5.45	5.84	4.25	13.62	5.29	6.66	6.82	6.24	5.91	5.74	9.24	6.54	6.10	6.36	5.52	7.35	5.76	9.38	5.69	6.31	4.21	5.39	5.59	6.00	3.36	6.72	7.08
vacuum	5.05	4.96	6.65	4.31	3.30	3.86	5.40	2.92		3.90	3.75	4.24	6.10	3.96	8.47	6.00	3.17	4.52	3.32	3.77	7.39	4.19	3.98	4.16	4.00	4.94	3.47	4.83	6.50	3.57	5.39	
wake up	3.22	4.30	3.00	2.92	2.65	2.82	2.97	1.79	3.76	3.00	2.97	3.14	3.05	2.87	2.74	3.72	2.88	3.24	3.54	3.05	3.77	3.95	3.43	3.00	2.44	3.73	2.48	2.81	3.18	2.78	2.55	
walk	2.78	3.09	2.40	2.42	2.30	2.05	2.55	1.71	3.29	2.10	2.94	2.05	2.81	2.70	2.58	3.86	2.46	2.50	2.46	2.36	4.97	3.48	3.00	2.48	1.89	3.06	2.58	2.17	3.09	2.13	2.10	1.96
wash [clothes]	2.78	3.52	3.20	3.88	3.04	3.05	2.99	3.83	3.62	2.67	3.41	3.90	3.38	3.00	3.26	5.40	3.29	3.45	3.75	3.36	4.59	4.10	4.19	4.03	3.08	4.30	3.61	2.60	3.45	3.13	3.97	2.50
watch [TV]	5.35	4.39	5.90	2.77	2.39	2.82	3.31	2.29	3.38	3.86	2.70	3.80	3.60	2.70	3.84	4.58	2.42	3.24	4.11	3.23	6.15	3.86	4.57	3.59	1.94	3.15	3.09	3.36	3.59	3.61	3.53	2.25
water	3.65	3.70	3.50	3.65	3.00	5.81	3.79	2.54	8.38	3.24	3.82	4.19	4.10	4.00	3.21	5.50	4.25	4.43	3.79	3.33	4.70	5.52	3.81	3.75	3.08	4.48	3.21	2.52	4.00	2.96	3.97	4.67
wave	2.95	3.52	3.15	2.62	2.22	2.50	2.93	1.67	5.33	2.24	3.09	5.05	3.24	3.96	4.44	4.65	2.54	4.81	4.00	2.59	4.88	3.71	4.24	2.84	5.03	3.33	2.42	2.62	3.27	3.17	2.49	3.04
weigh	5.03	5.04	4.70	4.46	4.43	4.27	5.37	3.67	4.95	4.00	4.56	5.95	5.10	4.65	5.89	6.14	4.75	5.43	4.50	4.18	6.46	6.00	6.19	4.38	4.19	5.18	4.27	5.15	4.57	3.61	5.31	5.54
whisper	4.08	4.57	6.35	3.58	3.26	3.45	3.98	2.88	9.24	3.52	4.69	4.00	4.24	3.30	5.42	4.96	5.75	4.14	6.29	3.62	5.62	7.14	5.24	4.44	3.39	4.39	3.36	3.36	6.09	2.61	4.95	4.58
whistle	3.22	4.87	3.95	3.65	3.52	3.50	4.61	3.17	4.71	3.67	4.44	4.00	3.86	3.48	3.63	6.59	4.46	4.38	4.46	3.32	4.70	5.05	4.10	4.28	3.50	4.88	3.36	3.21	4.57	3.43	3.95	4.42
wink	4.35	4.57	5.75	3.46	3.43	4.77	4.87	4.42	6.38	4.52	4.04	4.86	4.57	4.43	5.33	5.89	5.25	5.00	5.43	4.35	6.41	6.29	4.19	4.09	4.06	5.36	3.45	4.12	5.45	3.04	3.97	5.83
write	3.70	3.96	3.75	3.42	5.48	3.59	3.89	2.79	4.62	3.52	3.29	3.62	3.67	3.39	3.21	4.58	3.46	3.67	3.68	3.50	4.24	4.14	4.10	3.42	3.42	4.15	3.61	3.54	3.73	3.30	3.72	3.21
